[
    {
      "model": "hello.friend",
      "pk": 1,
      "fields": {
        "name": "産大太郎",
        "mail": "taro@foo.com",
        "gender": false,
        "age": 50,
        "birthday": "1970-01-01"
      }
    },
    {
      "model": "hello.friend",
      "pk": 2,
      "fields": {
        "name": "桐蔭次郎",
        "mail": "jiro@foo.com",
        "gender": false,
        "age": 16,
        "birthday": "2004-01-01"
      }
    },
    {
      "model": "hello.friend",
      "pk": 3,
      "fields": {
        "name": "産高花子",
        "mail": "hana@foo.com",
        "gender": true,
        "age": 26,
        "birthday": "1994-10-02"
      }
    }
  ]